PO_ID,SupplierID,OrderDate,ExpectedDeliveryDate,Status,TotalCost
"PO-8001","SUP04","2022-12-19","2023-01-12","Ordered","67322.00"
"PO-8002","SUP04","2024-01-29","2024-02-23","Delivered","19892.25"
"PO-8003","SUP03","2024-02-24","2024-03-25","Shipped","54166.50"
"PO-8004","SUP03","2026-02-10","2026-03-09","Ordered","71757.10"
"PO-8005","SUP03","2024-06-21","2024-08-03","Shipped","35239.50"
"PO-8006","SUP02","2023-01-02","2023-02-12","Ordered","23861.25"
"PO-8007","SUP03","2024-02-15","2024-03-04","Delivered","54372.10"
"PO-8008","SUP01","2023-12-20","2024-01-06","Delivered","37806.00"
"PO-8009","SUP01","2025-04-02","2025-04-18","Delivered","37027.65"
"PO-8010","SUP01","2025-08-08","2025-09-14","Ordered","445.50"
"PO-8011","SUP03","2022-02-23","2022-04-09","Ordered","48280.90"
"PO-8012","SUP03","2024-01-07","2024-02-10","Shipped","7017.00"
"PO-8013","SUP03","2023-10-03","2023-10-25","Shipped","40262.75"
"PO-8014","SUP04","2024-02-06","2024-03-21","Cancelled","30895.50"
"PO-8015","SUP01","2025-02-02","2025-03-03","Shipped","46412.30"
"PO-8016","SUP03","2022-12-04","2023-01-05","Shipped","11279.90"
"PO-8017","SUP03","2024-05-19","2024-06-22","Shipped","34019.00"
"PO-8018","SUP02","2023-10-13","2023-11-12","Shipped","9016.80"
"PO-8019","SUP02","2023-05-17","2023-06-22","Cancelled","40583.50"
"PO-8020","SUP01","2023-04-09","2023-05-07","Ordered","31556.20"
"PO-8021","SUP04","2024-11-12","2024-12-06","Cancelled","37590.00"
"PO-8022","SUP01","2026-07-26","2026-09-02","Shipped","5636.50"
"PO-8023","SUP02","2025-12-14","2026-01-13","Ordered","62425.00"
"PO-8024","SUP01","2022-06-08","2022-06-29","Delivered","9222.50"
"PO-8025","SUP04","2026-02-19","2026-04-02","Shipped","6343.75"
"PO-8026","SUP03","2023-02-22","2023-04-05","Ordered","8394.60"
"PO-8027","SUP04","2025-06-17","2025-07-22","Delivered","63243.90"
"PO-8028","SUP04","2026-08-03","2026-09-08","Ordered","82107.90"
"PO-8029","SUP03","2026-02-07","2026-02-24","Shipped","11705.50"
"PO-8030","SUP03","2023-01-15","2023-02-11","Cancelled","23241.65"
"PO-8031","SUP02","2026-09-15","2026-09-29","Delivered","17482.50"
"PO-8032","SUP01","2026-04-06","2026-05-05","Shipped","489.00"
"PO-8033","SUP03","2024-05-27","2024-06-14","Ordered","74131.00"
"PO-8034","SUP02","2023-11-30","2024-01-08","Ordered","5926.00"
"PO-8035","SUP04","2025-08-17","2025-09-02","Shipped","52939.05"
"PO-8036","SUP02","2024-05-23","2024-06-21","Ordered","16187.40"
"PO-8037","SUP03","2024-11-02","2024-12-08","Delivered","28754.75"
"PO-8038","SUP02","2026-05-10","2026-06-23","Delivered","16500.75"
"PO-8039","SUP01","2023-10-03","2023-11-01","Cancelled","8526.10"
"PO-8040","SUP03","2024-05-02","2024-06-07","Ordered","14792.75"
"PO-8041","SUP03","2024-03-02","2024-03-30","Ordered","485.50"
"PO-8042","SUP04","2023-08-22","2023-09-11","Delivered","65443.00"
"PO-8043","SUP04","2025-07-31","2025-08-27","Shipped","33514.15"
"PO-8044","SUP02","2024-09-30","2024-11-05","Shipped","49542.50"
"PO-8045","SUP02","2025-08-07","2025-09-10","Delivered","43135.15"
"PO-8046","SUP02","2025-11-26","2025-12-16","Delivered","58131.00"
"PO-8047","SUP02","2023-05-18","2023-06-11","Shipped","51004.00"
"PO-8048","SUP04","2025-02-28","2025-04-07","Ordered","12048.75"
"PO-8049","SUP02","2025-01-27","2025-02-13","Delivered","611.00"
"PO-8050","SUP02","2023-02-09","2023-03-13","Shipped","19690.70"
"PO-8051","SUP01","2022-06-01","2022-06-25","Shipped","8812.20"
"PO-8052","SUP01","2024-01-19","2024-02-14","Ordered","35709.80"
"PO-8053","SUP01","2026-04-19","2026-05-28","Ordered","45630.75"
"PO-8054","SUP02","2023-08-04","2023-08-27","Ordered","4610.40"
"PO-8055","SUP02","2025-03-13","2025-04-24","Cancelled","30428.00"
"PO-8056","SUP01","2023-07-17","2023-08-17","Shipped","61438.50"
"PO-8057","SUP03","2023-05-06","2023-06-11","Cancelled","59296.25"
"PO-8058","SUP03","2024-08-02","2024-08-29","Delivered","18193.50"
"PO-8059","SUP04","2022-01-13","2022-02-26","Delivered","49989.90"
"PO-8060","SUP03","2025-11-26","2025-12-21","Delivered","5897.50"
"PO-8061","SUP02","2025-10-09","2025-11-17","Shipped","67811.75"
"PO-8062","SUP01","2026-09-14","2026-10-19","Cancelled","42455.50"
"PO-8063","SUP04","2022-02-04","2022-02-28","Shipped","13503.50"
"PO-8064","SUP04","2026-03-23","2026-04-14","Delivered","14764.50"
"PO-8065","SUP02","2024-12-05","2025-01-06","Delivered","42296.75"
"PO-8066","SUP04","2026-08-01","2026-09-08","Cancelled","8811.25"
"PO-8067","SUP02","2023-10-25","2023-12-02","Shipped","69316.00"
"PO-8068","SUP04","2025-06-16","2025-07-21","Shipped","2382.50"
"PO-8069","SUP02","2023-01-19","2023-02-04","Shipped","57648.75"
"PO-8070","SUP02","2024-05-14","2024-06-13","Cancelled","10386.25"
"PO-8071","SUP03","2022-03-16","2022-04-23","Ordered","3372.40"
"PO-8072","SUP03","2024-10-11","2024-11-08","Ordered","39401.50"
"PO-8073","SUP04","2023-11-03","2023-11-21","Cancelled","9792.00"
"PO-8074","SUP02","2024-10-18","2024-11-06","Cancelled","29307.50"
"PO-8075","SUP02","2025-08-23","2025-10-02","Ordered","9409.50"
"PO-8076","SUP04","2024-08-07","2024-09-19","Ordered","45551.00"
"PO-8077","SUP03","2024-10-05","2024-11-08","Shipped","56092.60"
"PO-8078","SUP01","2022-12-04","2022-12-20","Ordered","22000.00"
"PO-8079","SUP02","2023-06-06","2023-07-17","Ordered","46491.00"
"PO-8080","SUP02","2023-12-20","2024-01-12","Shipped","8149.80"
"PO-8081","SUP02","2025-10-30","2025-12-12","Ordered","369.50"
"PO-8082","SUP02","2025-02-03","2025-03-20","Cancelled","51958.50"
"PO-8083","SUP03","2022-07-20","2022-08-12","Cancelled","31228.75"
"PO-8084","SUP04","2024-07-11","2024-08-20","Shipped","5442.50"
"PO-8085","SUP01","2022-12-26","2023-01-24","Cancelled","21427.85"
"PO-8086","SUP04","2022-10-01","2022-10-24","Shipped","26780.25"
"PO-8087","SUP01","2022-06-19","2022-08-02","Delivered","7293.00"
"PO-8088","SUP03","2025-08-07","2025-09-13","Shipped","796.00"
"PO-8089","SUP04","2024-10-10","2024-11-24","Shipped","49938.00"
"PO-8090","SUP03","2026-05-03","2026-06-05","Cancelled","7503.20"
"PO-8091","SUP04","2025-09-16","2025-10-19","Cancelled","45050.75"
"PO-8092","SUP04","2025-12-15","2026-01-16","Cancelled","25912.00"
"PO-8093","SUP03","2022-11-30","2022-12-22","Delivered","33948.00"
"PO-8094","SUP02","2026-01-01","2026-01-16","Shipped","7002.30"
"PO-8095","SUP01","2025-07-19","2025-08-09","Cancelled","15287.75"
"PO-8096","SUP02","2024-03-08","2024-04-15","Delivered","37271.65"
"PO-8097","SUP02","2026-08-31","2026-10-03","Delivered","55747.25"
"PO-8098","SUP01","2025-08-01","2025-08-23","Ordered","24245.90"
"PO-8099","SUP04","2024-02-18","2024-03-31","Cancelled","16641.30"
"PO-8100","SUP01","2026-03-01","2026-04-08","Delivered","40934.40"
"PO-8101","SUP01","2022-05-11","2022-06-22","Shipped","5028.60"
"PO-8102","SUP01","2023-12-31","2024-01-22","Cancelled","1798.00"
"PO-8103","SUP01","2023-02-01","2023-03-02","Shipped","22964.25"
"PO-8104","SUP04","2023-03-28","2023-04-30","Shipped","29989.65"
"PO-8105","SUP01","2025-02-16","2025-03-06","Shipped","79754.00"
"PO-8106","SUP03","2026-09-28","2026-10-23","Delivered","30957.60"
"PO-8107","SUP02","2024-04-30","2024-06-08","Shipped","1238.00"
"PO-8108","SUP04","2025-09-09","2025-10-24","Ordered","4514.10"
"PO-8109","SUP02","2024-03-02","2024-04-16","Ordered","49275.50"
"PO-8110","SUP03","2024-07-06","2024-08-05","Ordered","40792.50"
"PO-8111","SUP04","2024-09-25","2024-11-07","Delivered","72330.75"
"PO-8112","SUP03","2026-05-01","2026-05-18","Delivered","5304.00"
"PO-8113","SUP02","2025-01-02","2025-02-13","Ordered","627.00"
"PO-8114","SUP03","2022-08-10","2022-09-10","Shipped","26871.25"
"PO-8115","SUP02","2025-03-08","2025-04-13","Shipped","14741.75"
"PO-8116","SUP01","2024-08-04","2024-09-07","Delivered","14910.00"
"PO-8117","SUP01","2023-08-13","2023-09-04","Delivered","20860.80"
"PO-8118","SUP01","2024-03-24","2024-05-08","Shipped","42533.90"
"PO-8119","SUP02","2026-02-15","2026-03-12","Delivered","10823.75"
"PO-8120","SUP04","2025-01-17","2025-03-02","Delivered","680.50"
"PO-8121","SUP03","2023-11-03","2023-11-17","Delivered","19515.00"
"PO-8122","SUP03","2025-02-23","2025-04-03","Ordered","60594.75"
"PO-8123","SUP01","2023-12-22","2024-01-12","Shipped","8242.50"
"PO-8124","SUP04","2025-04-14","2025-04-29","Shipped","45038.50"
"PO-8125","SUP02","2022-04-08","2022-05-15","Delivered","758.50"
"PO-8126","SUP04","2023-10-29","2023-11-18","Ordered","8654.70"
"PO-8127","SUP02","2023-05-24","2023-06-08","Shipped","20787.60"
"PO-8128","SUP01","2025-12-12","2026-01-26","Cancelled","30401.50"
"PO-8129","SUP02","2023-01-04","2023-01-29","Shipped","32412.75"
"PO-8130","SUP02","2024-11-23","2024-12-18","Shipped","17409.25"
"PO-8131","SUP03","2025-03-05","2025-03-24","Delivered","12257.80"
"PO-8132","SUP03","2023-05-08","2023-06-09","Shipped","8797.50"
"PO-8133","SUP01","2026-09-17","2026-10-31","Shipped","18472.90"
"PO-8134","SUP01","2025-07-22","2025-08-28","Shipped","18778.00"
"PO-8135","SUP02","2024-12-06","2024-12-29","Cancelled","48594.90"
"PO-8136","SUP02","2024-04-17","2024-05-01","Delivered","55659.90"
"PO-8137","SUP02","2024-10-10","2024-11-11","Cancelled","6187.50"
"PO-8138","SUP03","2023-10-19","2023-11-22","Shipped","24013.10"
"PO-8139","SUP04","2024-03-30","2024-05-08","Shipped","49669.75"
"PO-8140","SUP01","2025-08-31","2025-10-02","Cancelled","16785.20"
"PO-8141","SUP02","2025-04-07","2025-04-28","Delivered","12739.00"
"PO-8142","SUP03","2023-05-14","2023-06-23","Shipped","29775.30"
"PO-8143","SUP03","2023-09-05","2023-10-15","Delivered","48494.15"
"PO-8144","SUP02","2024-02-24","2024-04-07","Delivered","701.50"
"PO-8145","SUP04","2023-05-01","2023-05-18","Shipped","61663.20"
"PO-8146","SUP03","2024-03-27","2024-04-29","Ordered","36737.80"
"PO-8147","SUP02","2026-01-12","2026-01-27","Shipped","5824.20"
"PO-8148","SUP01","2023-04-06","2023-04-25","Shipped","18097.75"
"PO-8149","SUP02","2026-08-08","2026-08-25","Delivered","16651.40"
"PO-8150","SUP02","2022-02-18","2022-03-06","Cancelled","8154.90"
"PO-8151","SUP04","2022-12-26","2023-01-24","Cancelled","34407.40"
"PO-8152","SUP03","2024-11-04","2024-11-25","Shipped","30975.50"
"PO-8153","SUP02","2026-04-08","2026-05-07","Cancelled","56938.10"
"PO-8154","SUP03","2022-04-02","2022-05-04","Ordered","8884.20"
"PO-8155","SUP02","2022-10-08","2022-11-10","Cancelled","27305.40"
"PO-8156","SUP03","2022-08-28","2022-09-28","Delivered","13160.00"
"PO-8157","SUP01","2022-12-15","2023-01-26","Ordered","24981.50"
"PO-8158","SUP01","2022-07-03","2022-08-09","Shipped","5955.30"
"PO-8159","SUP03","2025-07-01","2025-08-07","Delivered","19752.20"
"PO-8160","SUP02","2024-05-17","2024-06-24","Shipped","35264.00"
"PO-8161","SUP04","2024-01-31","2024-02-18","Shipped","8215.50"
"PO-8162","SUP01","2025-03-21","2025-04-17","Cancelled","9178.75"
"PO-8163","SUP03","2025-08-19","2025-09-10","Shipped","66178.00"
"PO-8164","SUP02","2025-10-24","2025-12-02","Delivered","13786.10"
"PO-8165","SUP01","2024-01-25","2024-02-20","Shipped","46811.50"
"PO-8166","SUP02","2025-09-09","2025-09-30","Shipped","11116.75"
"PO-8167","SUP03","2024-06-16","2024-07-13","Shipped","17302.85"
"PO-8168","SUP03","2026-08-12","2026-09-22","Cancelled","10783.00"
"PO-8169","SUP04","2023-10-06","2023-11-10","Shipped","5993.75"
"PO-8170","SUP01","2025-09-19","2025-10-24","Ordered","15767.50"
"PO-8171","SUP01","2025-07-22","2025-08-17","Shipped","37583.00"
"PO-8172","SUP03","2024-04-04","2024-05-10","Shipped","8970.90"
"PO-8173","SUP01","2026-04-12","2026-05-23","Ordered","62359.15"
"PO-8174","SUP02","2024-03-16","2024-04-22","Ordered","894.00"
"PO-8175","SUP04","2024-05-24","2024-07-07","Ordered","23195.70"
"PO-8176","SUP04","2025-05-30","2025-07-13","Cancelled","55654.00"
"PO-8177","SUP02","2025-09-26","2025-11-02","Delivered","8260.00"
"PO-8178","SUP02","2024-12-30","2025-02-09","Delivered","83722.00"
"PO-8179","SUP02","2022-06-05","2022-07-12","Cancelled","854.00"
"PO-8180","SUP02","2024-10-16","2024-11-16","Ordered","23139.90"
"PO-8181","SUP04","2026-01-26","2026-02-10","Delivered","22265.70"
"PO-8182","SUP04","2026-05-11","2026-05-28","Ordered","85494.50"
"PO-8183","SUP03","2022-11-07","2022-12-12","Cancelled","3687.00"
"PO-8184","SUP03","2022-09-16","2022-10-10","Delivered","5206.25"
"PO-8185","SUP04","2025-10-13","2025-11-25","Ordered","62151.50"
"PO-8186","SUP01","2025-10-12","2025-10-26","Cancelled","37191.25"
"PO-8187","SUP03","2024-08-25","2024-09-15","Delivered","87848.00"
"PO-8188","SUP01","2025-02-14","2025-03-05","Shipped","8573.10"
"PO-8189","SUP01","2024-10-04","2024-10-23","Cancelled","17501.45"
"PO-8190","SUP01","2024-04-06","2024-05-09","Delivered","5548.80"
"PO-8191","SUP04","2026-06-26","2026-07-10","Delivered","67465.50"
"PO-8192","SUP01","2023-12-13","2023-12-29","Shipped","84395.50"
"PO-8193","SUP04","2022-11-27","2022-12-29","Shipped","35755.40"
"PO-8194","SUP02","2026-09-20","2026-10-29","Delivered","1632.00"
"PO-8195","SUP04","2026-02-25","2026-03-15","Cancelled","21603.75"
"PO-8196","SUP02","2025-12-10","2026-01-17","Shipped","17325.00"
"PO-8197","SUP03","2023-12-27","2024-01-17","Delivered","29479.00"
"PO-8198","SUP04","2023-05-23","2023-06-23","Delivered","76421.70"
"PO-8199","SUP04","2023-08-15","2023-09-03","Delivered","4751.25"
"PO-8200","SUP02","2022-11-04","2022-12-02","Cancelled","17513.40"
"PO-8201","SUP03","2022-11-11","2022-12-12","Cancelled","23099.40"
"PO-8202","SUP02","2022-01-01","2022-01-27","Delivered","265.50"
"PO-8203","SUP04","2023-12-03","2024-01-09","Delivered","51055.25"
"PO-8204","SUP02","2022-06-17","2022-07-19","Ordered","17134.75"
"PO-8205","SUP02","2023-03-11","2023-03-29","Cancelled","93152.00"
"PO-8206","SUP03","2022-01-13","2022-02-26","Ordered","45011.00"
"PO-8207","SUP02","2023-09-29","2023-10-28","Delivered","31963.20"
"PO-8208","SUP01","2025-01-03","2025-01-31","Delivered","21853.00"
"PO-8209","SUP02","2025-12-10","2025-12-27","Ordered","9516.60"
"PO-8210","SUP03","2025-12-20","2026-01-13","Delivered","9485.90"
"PO-8211","SUP04","2022-01-25","2022-03-01","Delivered","16896.25"
"PO-8212","SUP01","2023-03-08","2023-04-08","Cancelled","59084.90"
"PO-8213","SUP02","2026-08-23","2026-09-28","Cancelled","42114.50"
"PO-8214","SUP04","2026-08-02","2026-09-06","Cancelled","68375.25"
"PO-8215","SUP03","2022-02-10","2022-03-04","Cancelled","18770.25"
"PO-8216","SUP04","2023-11-03","2023-12-04","Delivered","45510.00"
"PO-8217","SUP01","2024-02-16","2024-03-03","Ordered","52757.25"
"PO-8218","SUP02","2022-02-28","2022-03-23","Delivered","16581.80"
"PO-8219","SUP03","2024-02-03","2024-03-15","Ordered","52728.50"
"PO-8220","SUP04","2025-06-29","2025-07-31","Shipped","786.50"
"PO-8221","SUP01","2023-12-09","2024-01-07","Delivered","21097.00"
"PO-8222","SUP01","2023-04-21","2023-05-27","Shipped","16871.50"
"PO-8223","SUP03","2024-06-18","2024-07-14","Shipped","8348.70"
"PO-8224","SUP04","2023-07-08","2023-08-06","Cancelled","22006.25"
"PO-8225","SUP03","2025-09-16","2025-10-24","Delivered","24782.75"
"PO-8226","SUP02","2024-05-28","2024-06-29","Delivered","5626.25"
"PO-8227","SUP03","2025-05-18","2025-06-12","Ordered","398.00"
"PO-8228","SUP04","2024-07-28","2024-08-12","Delivered","46390.75"
"PO-8229","SUP01","2025-03-04","2025-04-03","Delivered","24867.75"
"PO-8230","SUP03","2022-11-03","2022-12-09","Cancelled","6216.90"
"PO-8231","SUP03","2024-08-30","2024-09-30","Cancelled","47409.30"
"PO-8232","SUP03","2026-02-14","2026-03-14","Delivered","11951.50"
"PO-8233","SUP01","2026-03-14","2026-03-30","Ordered","27810.50"
"PO-8234","SUP03","2026-06-25","2026-07-19","Cancelled","17036.50"
"PO-8235","SUP04","2025-12-08","2025-12-27","Delivered","6965.00"
"PO-8236","SUP02","2025-07-21","2025-09-04","Cancelled","68268.25"
"PO-8237","SUP02","2023-04-14","2023-05-14","Cancelled","44953.50"
"PO-8238","SUP03","2024-03-15","2024-04-17","Shipped","401.00"
"PO-8239","SUP02","2026-08-03","2026-08-27","Ordered","15636.75"
"PO-8240","SUP03","2023-05-22","2023-06-16","Ordered","30586.00"
"PO-8241","SUP01","2024-02-07","2024-03-07","Cancelled","7334.25"
"PO-8242","SUP03","2025-07-24","2025-08-07","Cancelled","16248.50"
"PO-8243","SUP04","2023-04-19","2023-05-31","Delivered","4722.60"
"PO-8244","SUP03","2024-05-08","2024-06-19","Delivered","51322.75"
"PO-8245","SUP02","2023-11-03","2023-11-17","Cancelled","22746.00"
"PO-8246","SUP01","2022-12-17","2023-01-28","Delivered","18139.75"
"PO-8247","SUP02","2023-07-01","2023-08-03","Delivered","4365.60"
"PO-8248","SUP03","2022-10-08","2022-10-26","Shipped","23176.75"
"PO-8249","SUP03","2026-03-12","2026-04-01","Ordered","13641.25"
"PO-8250","SUP03","2023-02-07","2023-03-05","Ordered","32571.70"
"PO-8251","SUP01","2022-05-08","2022-06-09","Ordered","71169.00"
"PO-8252","SUP02","2024-08-03","2024-09-14","Cancelled","15848.10"
"PO-8253","SUP01","2024-09-02","2024-10-15","Delivered","45366.50"
"PO-8254","SUP02","2024-02-25","2024-04-09","Delivered","22431.50"
"PO-8255","SUP01","2026-08-31","2026-10-02","Delivered","65948.50"
"PO-8256","SUP01","2026-02-05","2026-02-19","Delivered","63656.50"
"PO-8257","SUP01","2025-05-25","2025-06-14","Shipped","2023.00"
"PO-8258","SUP01","2025-07-27","2025-09-10","Shipped","28624.75"
"PO-8259","SUP02","2024-03-03","2024-03-18","Cancelled","11261.70"
"PO-8260","SUP04","2026-01-19","2026-03-04","Cancelled","28761.50"
"PO-8261","SUP01","2025-12-13","2026-01-23","Shipped","26527.55"
"PO-8262","SUP04","2026-03-19","2026-04-07","Ordered","1447.00"
"PO-8263","SUP02","2022-03-12","2022-04-15","Ordered","27785.00"
"PO-8264","SUP04","2023-11-04","2023-12-12","Delivered","41074.70"
"PO-8265","SUP02","2024-09-16","2024-10-02","Shipped","75522.00"
"PO-8266","SUP01","2022-09-11","2022-10-14","Ordered","9115.20"
"PO-8267","SUP04","2025-01-25","2025-03-04","Ordered","53663.60"
"PO-8268","SUP04","2026-04-06","2026-05-07","Cancelled","58805.25"
"PO-8269","SUP01","2026-04-07","2026-05-08","Delivered","60433.00"
"PO-8270","SUP04","2024-06-12","2024-07-13","Cancelled","29196.50"
"PO-8271","SUP02","2022-05-30","2022-06-25","Cancelled","55077.80"
"PO-8272","SUP03","2024-02-08","2024-02-27","Cancelled","28638.75"
"PO-8273","SUP03","2024-02-10","2024-03-06","Ordered","22468.00"
"PO-8274","SUP04","2024-10-08","2024-11-04","Ordered","40284.60"
"PO-8275","SUP03","2023-08-06","2023-09-04","Cancelled","935.00"
"PO-8276","SUP02","2026-01-13","2026-02-14","Ordered","12853.75"
"PO-8277","SUP03","2026-08-05","2026-09-11","Delivered","9521.70"
"PO-8278","SUP04","2025-03-07","2025-03-23","Delivered","1533.50"
"PO-8279","SUP01","2022-01-30","2022-03-16","Ordered","53862.20"
"PO-8280","SUP02","2022-11-08","2022-11-27","Shipped","45273.60"
"PO-8281","SUP01","2024-01-13","2024-02-01","Ordered","33757.85"
"PO-8282","SUP03","2023-05-01","2023-05-28","Delivered","35629.00"
"PO-8283","SUP01","2025-03-31","2025-04-18","Delivered","68508.40"
"PO-8284","SUP01","2024-03-30","2024-04-22","Shipped","51235.00"
"PO-8285","SUP03","2022-05-23","2022-06-07","Shipped","21982.50"
"PO-8286","SUP03","2026-07-18","2026-08-14","Delivered","21123.70"
"PO-8287","SUP01","2025-07-05","2025-07-27","Delivered","14918.60"
"PO-8288","SUP01","2023-07-30","2023-08-15","Shipped","18018.00"
"PO-8289","SUP02","2025-03-21","2025-04-10","Cancelled","7081.75"
"PO-8290","SUP01","2025-06-04","2025-07-07","Delivered","13749.60"
"PO-8291","SUP03","2022-12-09","2023-01-06","Shipped","35953.10"
"PO-8292","SUP03","2025-06-10","2025-07-16","Shipped","16235.75"
"PO-8293","SUP02","2025-12-18","2026-01-01","Cancelled","7466.40"
"PO-8294","SUP02","2024-10-17","2024-11-11","Shipped","771.00"
"PO-8295","SUP01","2024-08-18","2024-09-22","Delivered","36922.00"
"PO-8296","SUP01","2024-07-04","2024-07-27","Cancelled","28279.85"
"PO-8297","SUP03","2024-05-24","2024-06-26","Shipped","10220.00"
"PO-8298","SUP04","2022-10-29","2022-11-30","Shipped","42007.00"
"PO-8299","SUP02","2022-04-26","2022-05-28","Cancelled","16284.60"
"PO-8300","SUP02","2024-02-11","2024-03-19","Ordered","44015.75"
"PO-8301","SUP03","2023-07-10","2023-08-20","Delivered","3468.00"
"PO-8302","SUP02","2023-05-19","2023-06-03","Shipped","12442.50"
"PO-8303","SUP04","2025-03-06","2025-04-18","Ordered","56791.50"
"PO-8304","SUP02","2026-09-24","2026-11-03","Cancelled","54126.20"
"PO-8305","SUP01","2023-08-25","2023-10-04","Shipped","15374.25"
"PO-8306","SUP03","2024-10-30","2024-11-15","Ordered","21307.15"
"PO-8307","SUP01","2022-02-02","2022-03-14","Cancelled","57691.15"
"PO-8308","SUP03","2023-09-27","2023-10-21","Shipped","16956.75"
"PO-8309","SUP03","2024-01-01","2024-02-11","Shipped","7270.25"
"PO-8310","SUP04","2025-03-23","2025-04-30","Cancelled","25802.90"
"PO-8311","SUP02","2022-12-06","2022-12-22","Shipped","51937.75"
"PO-8312","SUP04","2025-02-02","2025-03-19","Cancelled","904.00"
"PO-8313","SUP03","2025-04-01","2025-04-17","Shipped","1027.00"
"PO-8314","SUP01","2022-04-28","2022-05-16","Delivered","18565.20"
"PO-8315","SUP03","2023-04-25","2023-06-06","Ordered","12730.50"
"PO-8316","SUP03","2024-02-12","2024-03-12","Ordered","26467.00"
"PO-8317","SUP01","2026-02-13","2026-03-13","Delivered","69227.25"
"PO-8318","SUP03","2022-04-22","2022-06-06","Ordered","16400.00"
"PO-8319","SUP04","2023-10-15","2023-11-25","Shipped","42194.25"
"PO-8320","SUP01","2026-03-11","2026-03-27","Shipped","13279.25"
"PO-8321","SUP02","2023-11-01","2023-11-17","Cancelled","10917.70"
"PO-8322","SUP03","2023-06-28","2023-07-16","Shipped","4182.00"
"PO-8323","SUP01","2025-05-02","2025-05-17","Shipped","8933.75"
"PO-8324","SUP01","2022-03-15","2022-04-01","Delivered","40880.00"
"PO-8325","SUP01","2023-01-13","2023-02-05","Ordered","17590.80"
"PO-8326","SUP01","2025-03-15","2025-04-21","Cancelled","97805.50"
"PO-8327","SUP02","2023-11-22","2023-12-11","Cancelled","25143.25"
"PO-8328","SUP01","2026-08-26","2026-09-24","Delivered","47022.75"
"PO-8329","SUP03","2023-11-21","2023-12-06","Delivered","13468.50"
"PO-8330","SUP02","2023-04-02","2023-05-15","Delivered","47215.35"
"PO-8331","SUP03","2024-03-10","2024-04-17","Delivered","53934.25"
"PO-8332","SUP03","2024-01-08","2024-02-07","Ordered","1552.50"
"PO-8333","SUP01","2023-07-05","2023-08-04","Shipped","17758.00"
"PO-8334","SUP03","2022-09-20","2022-10-04","Shipped","32136.40"
"PO-8335","SUP01","2024-12-29","2025-02-10","Shipped","38803.85"
"PO-8336","SUP04","2024-11-10","2024-12-24","Shipped","4324.80"
"PO-8337","SUP01","2022-08-29","2022-09-18","Cancelled","6193.00"
"PO-8338","SUP01","2023-08-06","2023-08-20","Delivered","6334.20"
"PO-8339","SUP03","2026-09-25","2026-10-29","Delivered","17498.40"
"PO-8340","SUP02","2022-05-28","2022-07-09","Cancelled","11582.50"
"PO-8341","SUP03","2022-09-17","2022-10-14","Ordered","46118.25"
"PO-8342","SUP03","2022-06-16","2022-07-04","Shipped","9756.30"
"PO-8343","SUP02","2024-06-26","2024-08-10","Shipped","8399.10"
"PO-8344","SUP03","2023-02-01","2023-02-23","Shipped","84794.50"
"PO-8345","SUP03","2022-12-09","2023-01-14","Cancelled","21460.65"
"PO-8346","SUP02","2022-10-19","2022-11-14","Shipped","69506.10"
"PO-8347","SUP03","2022-01-31","2022-03-16","Delivered","47113.00"
"PO-8348","SUP01","2023-10-22","2023-11-09","Ordered","51719.50"
"PO-8349","SUP01","2024-12-20","2025-01-05","Cancelled","43019.00"
"PO-8350","SUP04","2024-05-05","2024-05-31","Ordered","62466.25"
"PO-8351","SUP01","2024-02-24","2024-04-06","Shipped","63037.50"
"PO-8352","SUP02","2023-01-28","2023-02-23","Delivered","38396.50"
"PO-8353","SUP04","2022-09-18","2022-10-12","Cancelled","16257.50"
"PO-8354","SUP01","2024-09-08","2024-09-27","Delivered","332.50"
"PO-8355","SUP04","2023-08-17","2023-08-31","Ordered","26157.80"
"PO-8356","SUP04","2022-09-19","2022-10-05","Cancelled","31782.00"
"PO-8357","SUP04","2025-02-04","2025-02-24","Cancelled","34454.50"
"PO-8358","SUP02","2024-06-23","2024-08-05","Ordered","7175.70"
"PO-8359","SUP04","2025-05-31","2025-07-07","Delivered","26226.50"
"PO-8360","SUP03","2022-07-30","2022-09-07","Delivered","9521.70"
"PO-8361","SUP02","2026-04-20","2026-05-24","Delivered","19605.00"
"PO-8362","SUP04","2024-05-17","2024-06-13","Delivered","17790.50"
"PO-8363","SUP02","2023-02-05","2023-03-11","Shipped","3575.10"
"PO-8364","SUP04","2022-02-09","2022-03-09","Delivered","45457.50"
"PO-8365","SUP04","2025-01-27","2025-02-10","Shipped","35116.50"
"PO-8366","SUP02","2024-02-12","2024-03-06","Ordered","37532.85"
"PO-8367","SUP02","2026-04-05","2026-05-14","Cancelled","9842.40"
"PO-8368","SUP03","2024-06-13","2024-07-16","Shipped","1046.50"
"PO-8369","SUP04","2025-01-28","2025-03-06","Ordered","18469.05"
"PO-8370","SUP04","2022-01-09","2022-02-22","Ordered","495.50"
"PO-8371","SUP01","2025-03-30","2025-05-14","Cancelled","985.50"
"PO-8372","SUP01","2023-10-30","2023-11-23","Shipped","44544.80"
"PO-8373","SUP01","2023-01-13","2023-02-20","Cancelled","33939.75"
"PO-8374","SUP01","2023-07-20","2023-08-20","Cancelled","20583.90"
"PO-8375","SUP04","2023-03-23","2023-04-09","Cancelled","396.50"
"PO-8376","SUP03","2025-09-25","2025-10-14","Cancelled","32295.40"
"PO-8377","SUP03","2024-05-17","2024-06-07","Ordered","42662.50"
"PO-8378","SUP03","2026-04-05","2026-05-02","Delivered","24456.50"
"PO-8379","SUP04","2023-06-26","2023-07-28","Ordered","27298.00"
"PO-8380","SUP01","2025-07-31","2025-09-08","Ordered","26436.75"
"PO-8381","SUP04","2024-09-08","2024-10-11","Shipped","39090.90"
"PO-8382","SUP03","2025-07-07","2025-07-29","Ordered","43772.50"
"PO-8383","SUP02","2024-01-05","2024-01-24","Cancelled","43890.40"
"PO-8384","SUP01","2024-05-19","2024-06-04","Cancelled","4485.40"
"PO-8385","SUP01","2025-08-28","2025-09-24","Cancelled","828.00"
"PO-8386","SUP03","2023-12-16","2024-01-20","Cancelled","1775.50"
"PO-8387","SUP04","2024-05-21","2024-07-01","Shipped","46991.75"
"PO-8388","SUP03","2025-08-11","2025-09-04","Delivered","9913.75"
"PO-8389","SUP02","2022-03-11","2022-04-25","Ordered","37349.30"
"PO-8390","SUP01","2026-01-17","2026-02-26","Cancelled","1735.00"
"PO-8391","SUP03","2023-04-21","2023-05-15","Shipped","32954.45"
"PO-8392","SUP04","2025-10-30","2025-11-15","Shipped","15600.90"
"PO-8393","SUP04","2022-11-01","2022-12-06","Cancelled","36509.90"
"PO-8394","SUP03","2022-03-23","2022-04-09","Cancelled","5793.60"
"PO-8395","SUP01","2024-03-11","2024-04-03","Delivered","32563.25"
"PO-8396","SUP01","2023-06-02","2023-07-07","Cancelled","69753.60"
"PO-8397","SUP04","2023-11-09","2023-12-22","Ordered","15671.25"
"PO-8398","SUP03","2026-08-24","2026-09-15","Cancelled","44249.70"
"PO-8399","SUP03","2022-10-12","2022-11-02","Shipped","827.00"
"PO-8400","SUP03","2024-04-10","2024-05-21","Cancelled","3019.20"
"PO-8401","SUP04","2026-02-02","2026-03-12","Cancelled","47869.50"
"PO-8402","SUP04","2023-11-26","2023-12-24","Ordered","5553.90"
"PO-8403","SUP02","2023-01-05","2023-01-21","Shipped","31539.80"
"PO-8404","SUP01","2026-09-24","2026-11-07","Ordered","604.00"
"PO-8405","SUP03","2023-11-02","2023-11-16","Cancelled","3610.80"
"PO-8406","SUP01","2023-09-25","2023-10-17","Cancelled","929.00"
"PO-8407","SUP04","2023-02-18","2023-03-13","Shipped","37817.40"
"PO-8408","SUP04","2024-08-15","2024-08-29","Delivered","20425.50"
"PO-8409","SUP02","2022-06-04","2022-06-28","Delivered","27508.50"
"PO-8410","SUP04","2024-12-13","2025-01-09","Shipped","839.50"
"PO-8411","SUP02","2023-09-18","2023-10-08","Ordered","3289.50"
"PO-8412","SUP02","2024-11-30","2024-12-30","Delivered","25748.05"
"PO-8413","SUP04","2022-01-02","2022-02-05","Ordered","7160.40"
"PO-8414","SUP04","2025-04-11","2025-05-26","Ordered","18696.00"
"PO-8415","SUP04","2025-08-18","2025-09-19","Shipped","11348.75"
"PO-8416","SUP03","2023-10-23","2023-11-14","Cancelled","6048.60"
"PO-8417","SUP02","2024-12-11","2025-01-15","Ordered","51255.40"
"PO-8418","SUP01","2022-02-06","2022-03-05","Shipped","35060.50"
"PO-8419","SUP02","2023-06-24","2023-08-02","Shipped","9394.20"
"PO-8420","SUP01","2025-04-18","2025-05-04","Delivered","9724.80"
"PO-8421","SUP04","2024-08-27","2024-09-26","Shipped","52721.70"
"PO-8422","SUP02","2022-01-06","2022-01-20","Cancelled","14478.50"
"PO-8423","SUP01","2026-09-03","2026-09-25","Shipped","61416.75"
"PO-8424","SUP03","2023-03-25","2023-04-14","Ordered","9817.00"
"PO-8425","SUP04","2023-05-01","2023-06-02","Ordered","55081.25"
"PO-8426","SUP02","2022-10-10","2022-10-30","Cancelled","35397.70"
"PO-8427","SUP02","2026-05-26","2026-07-08","Delivered","3468.00"
"PO-8428","SUP01","2025-02-27","2025-03-22","Ordered","43794.50"
"PO-8429","SUP01","2023-10-21","2023-11-13","Shipped","39791.75"
"PO-8430","SUP02","2026-01-13","2026-02-17","Delivered","491.50"
"PO-8431","SUP03","2024-11-19","2024-12-31","Cancelled","1498.50"
"PO-8432","SUP03","2022-08-24","2022-09-27","Shipped","15694.50"
"PO-8433","SUP04","2024-03-14","2024-03-31","Delivered","7595.25"
"PO-8434","SUP04","2024-09-24","2024-11-07","Ordered","5808.90"
"PO-8435","SUP01","2022-11-20","2022-12-11","Cancelled","10303.80"
"PO-8436","SUP03","2026-01-03","2026-02-12","Cancelled","9185.10"
"PO-8437","SUP04","2022-10-18","2022-11-20","Cancelled","66154.25"
"PO-8438","SUP04","2026-07-05","2026-07-19","Shipped","27933.00"
"PO-8439","SUP01","2025-07-17","2025-08-04","Cancelled","19762.00"
"PO-8440","SUP04","2026-02-22","2026-03-15","Delivered","14165.50"
"PO-8441","SUP03","2022-03-09","2022-04-14","Ordered","20657.60"
"PO-8442","SUP03","2023-05-24","2023-06-25","Delivered","52504.50"
"PO-8443","SUP04","2026-02-02","2026-02-19","Cancelled","26319.75"
"PO-8444","SUP01","2026-04-24","2026-05-18","Cancelled","6232.60"
"PO-8445","SUP01","2026-05-12","2026-06-24","Shipped","44016.00"
"PO-8446","SUP02","2022-12-26","2023-02-05","Cancelled","14727.75"
"PO-8447","SUP04","2024-02-04","2024-03-12","Ordered","381.00"
"PO-8448","SUP04","2025-07-08","2025-07-23","Cancelled","24784.50"
"PO-8449","SUP01","2022-01-08","2022-01-26","Cancelled","26545.40"
"PO-8450","SUP04","2023-04-07","2023-05-20","Shipped","962.50"
"PO-8451","SUP01","2022-06-01","2022-06-19","Delivered","12530.70"
"PO-8452","SUP04","2023-03-24","2023-04-15","Delivered","57870.40"
"PO-8453","SUP03","2022-09-19","2022-10-10","Shipped","32078.50"
"PO-8454","SUP04","2024-01-22","2024-02-19","Ordered","66201.40"
"PO-8455","SUP03","2023-04-22","2023-05-12","Delivered","40689.75"
"PO-8456","SUP01","2025-09-03","2025-09-22","Cancelled","71822.35"
"PO-8457","SUP04","2025-01-09","2025-02-12","Cancelled","12304.75"
"PO-8458","SUP04","2025-02-28","2025-03-31","Cancelled","17770.50"
"PO-8459","SUP03","2023-04-20","2023-05-07","Shipped","22181.00"
"PO-8460","SUP02","2022-11-24","2022-12-23","Ordered","259.50"
"PO-8461","SUP03","2022-03-03","2022-04-17","Ordered","16315.00"
"PO-8462","SUP04","2023-12-05","2023-12-26","Ordered","15661.80"
"PO-8463","SUP04","2026-03-02","2026-03-19","Shipped","16502.50"
"PO-8464","SUP04","2025-01-27","2025-02-19","Cancelled","10679.50"
"PO-8465","SUP03","2025-05-04","2025-05-26","Delivered","15330.00"
"PO-8466","SUP02","2024-05-16","2024-06-16","Ordered","4964.50"
"PO-8467","SUP04","2023-12-31","2024-02-11","Cancelled","47881.65"
"PO-8468","SUP01","2024-01-08","2024-01-25","Cancelled","5290.90"
"PO-8469","SUP01","2024-10-20","2024-11-21","Ordered","28011.00"
"PO-8470","SUP04","2024-12-29","2025-01-14","Shipped","32403.50"
"PO-8471","SUP03","2023-06-13","2023-07-02","Ordered","24063.90"
"PO-8472","SUP04","2022-07-29","2022-08-12","Ordered","39527.50"
"PO-8473","SUP02","2022-10-01","2022-10-19","Delivered","64742.30"
"PO-8474","SUP03","2026-08-10","2026-09-24","Shipped","47062.90"
"PO-8475","SUP01","2026-05-01","2026-06-05","Shipped","9450.30"
"PO-8476","SUP04","2024-01-29","2024-02-12","Cancelled","62794.20"
"PO-8477","SUP04","2025-05-10","2025-06-24","Shipped","5110.20"
"PO-8478","SUP03","2023-12-05","2024-01-13","Shipped","33489.60"
"PO-8479","SUP04","2024-07-09","2024-08-01","Cancelled","3462.90"
"PO-8480","SUP01","2024-07-14","2024-08-09","Delivered","82802.40"
"PO-8481","SUP04","2023-10-23","2023-11-26","Shipped","7660.20"
"PO-8482","SUP02","2026-06-25","2026-08-08","Delivered","26255.85"
"PO-8483","SUP03","2023-12-11","2024-01-12","Cancelled","49623.70"
"PO-8484","SUP02","2023-04-13","2023-05-11","Delivered","61655.00"
"PO-8485","SUP04","2022-09-08","2022-10-14","Ordered","40382.00"
"PO-8486","SUP03","2022-03-12","2022-04-13","Delivered","16170.00"
"PO-8487","SUP03","2023-01-24","2023-02-15","Cancelled","34153.50"
"PO-8488","SUP03","2026-07-30","2026-09-01","Shipped","1210.50"
"PO-8489","SUP03","2022-07-16","2022-08-21","Shipped","42940.00"
"PO-8490","SUP03","2026-04-26","2026-05-10","Shipped","26576.00"
"PO-8491","SUP03","2025-04-09","2025-05-11","Ordered","5626.25"
"PO-8492","SUP01","2022-12-28","2023-01-21","Cancelled","23909.25"
"PO-8493","SUP04","2024-03-28","2024-05-12","Shipped","16458.75"
"PO-8494","SUP01","2026-06-17","2026-07-04","Cancelled","8364.00"
"PO-8495","SUP02","2025-07-20","2025-08-24","Shipped","39667.50"
"PO-8496","SUP03","2025-09-01","2025-10-08","Ordered","20758.50"
"PO-8497","SUP04","2024-11-15","2024-12-13","Ordered","60873.25"
"PO-8498","SUP04","2022-09-18","2022-10-09","Delivered","20427.00"
"PO-8499","SUP01","2022-09-20","2022-10-20","Delivered","7706.40"
"PO-8500","SUP01","2026-09-08","2026-09-22","Ordered","4941.90"
"PO-8501","SUP01","2025-08-19","2025-09-13","Ordered","17268.25"
"PO-8502","SUP03","2022-01-21","2022-02-27","Shipped","11117.25"
"PO-8503","SUP02","2026-03-15","2026-04-22","Cancelled","32162.25"
"PO-8504","SUP04","2025-08-25","2025-09-26","Shipped","26859.05"
"PO-8505","SUP01","2022-12-04","2022-12-28","Shipped","52759.75"
"PO-8506","SUP02","2022-07-16","2022-08-08","Delivered","706.50"
"PO-8507","SUP03","2026-02-28","2026-04-06","Ordered","8575.75"
"PO-8508","SUP02","2024-05-06","2024-05-23","Ordered","34857.75"
"PO-8509","SUP04","2022-11-24","2023-01-02","Ordered","27657.50"
"PO-8510","SUP01","2025-05-10","2025-06-07","Shipped","92891.50"
"PO-8511","SUP02","2022-04-17","2022-05-26","Shipped","384.50"
"PO-8512","SUP01","2024-01-10","2024-02-19","Cancelled","28244.60"
"PO-8513","SUP03","2023-12-01","2024-01-08","Cancelled","12937.80"
"PO-8514","SUP02","2022-09-24","2022-10-17","Cancelled","11768.75"
"PO-8515","SUP04","2026-01-25","2026-03-10","Shipped","16656.25"
"PO-8516","SUP02","2023-08-22","2023-09-15","Shipped","58486.50"
"PO-8517","SUP03","2024-02-18","2024-03-27","Ordered","53096.50"
"PO-8518","SUP04","2024-04-20","2024-05-14","Shipped","36993.50"
"PO-8519","SUP04","2023-10-30","2023-11-17","Shipped","17413.25"
"PO-8520","SUP03","2024-09-07","2024-10-04","Delivered","25993.25"
"PO-8521","SUP04","2023-10-17","2023-11-12","Ordered","34896.00"
"PO-8522","SUP03","2022-07-28","2022-08-17","Delivered","3814.10"
"PO-8523","SUP04","2026-01-04","2026-02-05","Cancelled","12904.25"
"PO-8524","SUP01","2026-03-28","2026-04-12","Shipped","1709.50"
"PO-8525","SUP04","2025-11-05","2025-12-15","Shipped","9410.50"
"PO-8526","SUP04","2022-03-26","2022-05-06","Ordered","18597.50"
"PO-8527","SUP01","2024-06-03","2024-06-19","Shipped","13413.75"
"PO-8528","SUP03","2025-03-14","2025-04-03","Delivered","45820.50"
"PO-8529","SUP03","2022-05-17","2022-06-21","Shipped","31172.25"
"PO-8530","SUP04","2023-08-18","2023-09-30","Delivered","879.50"
"PO-8531","SUP01","2022-10-17","2022-11-07","Ordered","13918.10"
"PO-8532","SUP02","2023-09-01","2023-09-27","Ordered","11331.25"
"PO-8533","SUP04","2025-11-27","2025-12-23","Cancelled","52024.25"
"PO-8534","SUP02","2024-09-08","2024-10-10","Shipped","101859.00"
"PO-8535","SUP02","2022-11-15","2022-12-15","Shipped","46173.75"
"PO-8536","SUP02","2024-02-07","2024-03-21","Delivered","11070.00"
"PO-8537","SUP02","2024-01-10","2024-02-12","Cancelled","51012.20"
"PO-8538","SUP02","2026-09-06","2026-09-25","Cancelled","21566.40"
"PO-8539","SUP01","2025-11-03","2025-11-18","Ordered","13601.70"
"PO-8540","SUP01","2026-01-02","2026-02-05","Shipped","46244.70"
"PO-8541","SUP02","2025-07-14","2025-08-26","Ordered","23546.00"
"PO-8542","SUP02","2024-02-15","2024-03-08","Shipped","32210.50"
"PO-8543","SUP04","2024-06-04","2024-06-30","Delivered","17560.10"
"PO-8544","SUP04","2025-11-17","2025-12-15","Shipped","22099.00"
"PO-8545","SUP04","2023-04-21","2023-05-07","Cancelled","44267.70"
"PO-8546","SUP04","2022-05-06","2022-06-05","Ordered","5105.00"
"PO-8547","SUP04","2022-05-16","2022-06-02","Cancelled","41874.50"
"PO-8548","SUP02","2024-06-21","2024-07-30","Shipped","53592.95"
"PO-8549","SUP03","2023-02-20","2023-03-16","Cancelled","12831.60"
"PO-8550","SUP04","2022-01-11","2022-02-06","Delivered","44354.20"
"PO-8551","SUP01","2022-04-28","2022-06-09","Cancelled","4146.30"
"PO-8552","SUP02","2025-01-21","2025-02-08","Cancelled","10336.10"
"PO-8553","SUP02","2022-01-12","2022-02-05","Cancelled","40671.75"
"PO-8554","SUP01","2023-05-16","2023-06-26","Shipped","896.00"
"PO-8555","SUP02","2026-02-27","2026-04-02","Cancelled","20536.25"
"PO-8556","SUP04","2023-06-21","2023-07-28","Cancelled","30504.30"
"PO-8557","SUP01","2024-09-27","2024-11-11","Delivered","37923.90"
"PO-8558","SUP03","2023-04-12","2023-05-19","Shipped","89781.25"
"PO-8559","SUP01","2025-05-03","2025-05-20","Ordered","755.00"
"PO-8560","SUP03","2023-03-02","2023-04-09","Ordered","24517.50"
"PO-8561","SUP03","2026-02-08","2026-03-18","Shipped","54381.30"
"PO-8562","SUP04","2022-02-09","2022-03-14","Delivered","7017.60"
"PO-8563","SUP04","2026-07-31","2026-08-21","Cancelled","10003.40"
"PO-8564","SUP04","2023-05-03","2023-05-25","Shipped","59509.70"
"PO-8565","SUP01","2024-08-09","2024-09-23","Ordered","15916.20"
"PO-8566","SUP02","2024-06-01","2024-07-01","Cancelled","12337.50"
"PO-8567","SUP03","2025-09-11","2025-10-03","Ordered","19387.35"
"PO-8568","SUP02","2023-04-20","2023-05-20","Shipped","50044.50"
"PO-8569","SUP02","2022-08-21","2022-09-18","Shipped","417.00"
"PO-8570","SUP03","2023-03-16","2023-04-12","Delivered","54609.50"
"PO-8571","SUP02","2023-03-20","2023-04-03","Shipped","29453.50"
"PO-8572","SUP03","2023-05-22","2023-06-30","Ordered","23089.00"
"PO-8573","SUP03","2025-10-23","2025-12-03","Delivered","17522.25"
"PO-8574","SUP03","2023-04-25","2023-05-12","Cancelled","618.00"
"PO-8575","SUP02","2026-09-24","2026-10-15","Cancelled","32041.50"
"PO-8576","SUP04","2024-10-27","2024-11-16","Shipped","18341.50"
"PO-8577","SUP03","2026-07-19","2026-08-07","Cancelled","3733.20"
"PO-8578","SUP03","2022-09-04","2022-09-22","Ordered","10000.90"
"PO-8579","SUP04","2022-07-01","2022-08-02","Ordered","25973.50"
"PO-8580","SUP04","2022-07-08","2022-08-13","Shipped","869.00"
"PO-8581","SUP04","2022-11-18","2022-12-21","Delivered","48481.50"
"PO-8582","SUP01","2022-01-10","2022-02-16","Ordered","8119.20"
"PO-8583","SUP04","2026-08-03","2026-09-17","Delivered","14103.00"
"PO-8584","SUP03","2024-02-01","2024-02-24","Ordered","1694.50"
"PO-8585","SUP04","2024-11-25","2025-01-02","Ordered","46205.05"
"PO-8586","SUP01","2023-01-19","2023-02-03","Cancelled","342.00"
"PO-8587","SUP03","2026-07-15","2026-08-08","Shipped","8262.00"
"PO-8588","SUP01","2023-01-14","2023-02-14","Delivered","31672.55"
"PO-8589","SUP03","2024-08-07","2024-08-26","Ordered","11990.10"
"PO-8590","SUP02","2023-08-27","2023-10-01","Shipped","31041.30"
"PO-8591","SUP04","2023-05-20","2023-06-08","Shipped","28680.55"
"PO-8592","SUP03","2022-07-07","2022-08-02","Delivered","50364.85"
"PO-8593","SUP04","2025-12-23","2026-02-06","Ordered","12385.75"
"PO-8594","SUP03","2024-07-11","2024-08-11","Cancelled","31954.10"
"PO-8595","SUP03","2023-08-11","2023-09-12","Ordered","26709.50"
"PO-8596","SUP01","2023-11-16","2023-12-07","Ordered","52646.00"
"PO-8597","SUP03","2026-06-12","2026-07-14","Delivered","9690.00"
"PO-8598","SUP01","2026-06-07","2026-07-11","Shipped","40467.00"
"PO-8599","SUP02","2022-11-19","2022-12-06","Shipped","13630.00"
"PO-8600","SUP02","2022-04-28","2022-05-30","Delivered","22008.90"
"PO-8601","SUP01","2022-01-10","2022-02-03","Shipped","14594.80"
"PO-8602","SUP03","2024-03-23","2024-04-11","Ordered","22679.90"
"PO-8603","SUP04","2022-12-18","2023-01-20","Ordered","1045.50"
"PO-8604","SUP02","2024-02-24","2024-04-05","Cancelled","39939.05"
"PO-8605","SUP01","2026-05-30","2026-06-15","Shipped","14633.30"
"PO-8606","SUP01","2025-05-20","2025-06-17","Shipped","53790.75"
"PO-8607","SUP03","2026-01-14","2026-02-08","Shipped","42649.75"
"PO-8608","SUP03","2024-12-09","2025-01-23","Ordered","10316.25"
"PO-8609","SUP01","2023-09-04","2023-10-18","Ordered","37184.50"
"PO-8610","SUP02","2025-12-06","2025-12-30","Delivered","47929.00"
"PO-8611","SUP02","2025-10-15","2025-11-15","Delivered","11324.90"
"PO-8612","SUP02","2023-04-07","2023-04-22","Shipped","31874.00"
"PO-8613","SUP04","2023-12-16","2024-01-06","Cancelled","30647.50"
"PO-8614","SUP03","2023-12-04","2023-12-21","Ordered","21853.00"
"PO-8615","SUP01","2025-07-20","2025-08-06","Delivered","33237.90"
"PO-8616","SUP04","2022-08-11","2022-09-19","Delivered","23332.55"
"PO-8617","SUP02","2026-01-10","2026-02-02","Ordered","5390.00"
"PO-8618","SUP01","2023-11-20","2024-01-03","Delivered","10822.20"
"PO-8619","SUP03","2023-11-15","2023-12-06","Shipped","40217.20"
"PO-8620","SUP02","2025-11-05","2025-12-14","Shipped","34288.00"
"PO-8621","SUP04","2026-07-25","2026-08-11","Delivered","19462.65"
"PO-8622","SUP04","2026-04-16","2026-05-16","Cancelled","5060.10"
"PO-8623","SUP04","2023-09-08","2023-10-19","Ordered","35739.60"
"PO-8624","SUP02","2025-07-07","2025-08-21","Shipped","50803.00"
"PO-8625","SUP02","2023-07-29","2023-09-08","Ordered","45629.10"
"PO-8626","SUP03","2025-04-16","2025-05-14","Delivered","37575.00"
"PO-8627","SUP03","2026-02-23","2026-04-04","Shipped","77962.50"
"PO-8628","SUP03","2024-12-18","2025-01-04","Delivered","13910.00"
"PO-8629","SUP02","2024-10-16","2024-11-28","Shipped","10710.00"
"PO-8630","SUP04","2022-03-09","2022-03-28","Shipped","937.00"
"PO-8631","SUP01","2022-03-24","2022-05-05","Delivered","28539.50"
"PO-8632","SUP02","2024-10-05","2024-10-21","Ordered","11598.00"
"PO-8633","SUP03","2024-06-07","2024-06-26","Delivered","32550.05"
"PO-8634","SUP03","2023-07-15","2023-08-07","Delivered","317.50"
"PO-8635","SUP04","2024-08-24","2024-09-16","Ordered","16411.80"
"PO-8636","SUP03","2022-11-17","2022-12-23","Delivered","23252.75"
"PO-8637","SUP03","2025-12-17","2026-01-21","Delivered","19600.00"
"PO-8638","SUP01","2022-03-20","2022-04-23","Delivered","23303.40"
"PO-8639","SUP01","2026-09-20","2026-10-18","Ordered","25488.75"
"PO-8640","SUP04","2026-09-19","2026-10-24","Ordered","20812.50"
"PO-8641","SUP02","2023-01-15","2023-02-15","Shipped","965.50"
"PO-8642","SUP04","2025-12-24","2026-02-01","Delivered","13398.50"
"PO-8643","SUP01","2025-10-30","2025-11-18","Shipped","10360.00"
"PO-8644","SUP03","2025-06-29","2025-07-17","Ordered","16277.00"
"PO-8645","SUP03","2026-05-20","2026-06-13","Shipped","1267.00"
"PO-8646","SUP02","2026-09-01","2026-10-15","Ordered","51227.25"
"PO-8647","SUP02","2023-06-11","2023-07-13","Ordered","7638.75"
"PO-8648","SUP02","2023-05-07","2023-05-22","Shipped","7323.75"
"PO-8649","SUP01","2025-02-02","2025-03-19","Cancelled","16366.00"
"PO-8650","SUP03","2024-11-09","2024-12-09","Shipped","20137.10"
"PO-8651","SUP02","2024-10-23","2024-12-02","Ordered","1344.00"
"PO-8652","SUP04","2022-08-09","2022-09-10","Shipped","18314.30"
"PO-8653","SUP03","2024-12-05","2024-12-30","Shipped","35198.50"
"PO-8654","SUP02","2024-05-17","2024-06-22","Shipped","38958.50"
"PO-8655","SUP04","2023-12-02","2024-01-03","Ordered","11180.00"
"PO-8656","SUP04","2024-07-23","2024-08-17","Delivered","40224.50"
"PO-8657","SUP02","2023-04-05","2023-05-20","Cancelled","859.50"
"PO-8658","SUP04","2025-12-04","2025-12-30","Ordered","59504.25"
"PO-8659","SUP04","2025-10-05","2025-10-25","Delivered","13076.40"
"PO-8660","SUP04","2022-07-26","2022-09-04","Shipped","35987.90"
"PO-8661","SUP04","2025-10-26","2025-11-10","Ordered","13217.60"
"PO-8662","SUP04","2024-10-01","2024-11-14","Delivered","42678.30"
"PO-8663","SUP03","2023-05-23","2023-06-10","Shipped","35008.30"
"PO-8664","SUP01","2025-05-11","2025-06-19","Ordered","8478.75"
"PO-8665","SUP03","2023-11-24","2023-12-25","Ordered","19357.00"
"PO-8666","SUP01","2025-01-06","2025-02-03","Ordered","32508.25"
"PO-8667","SUP02","2026-06-24","2026-08-08","Shipped","23447.25"
"PO-8668","SUP04","2022-07-20","2022-08-05","Delivered","19425.90"
"PO-8669","SUP03","2022-11-02","2022-12-09","Shipped","879.00"
"PO-8670","SUP03","2023-12-12","2024-01-24","Shipped","34419.30"
"PO-8671","SUP02","2022-01-24","2022-02-19","Delivered","4677.50"
"PO-8672","SUP01","2022-08-28","2022-10-01","Ordered","6369.90"
"PO-8673","SUP01","2022-11-23","2022-12-16","Ordered","7027.80"
"PO-8674","SUP02","2025-05-07","2025-06-17","Delivered","23074.50"
"PO-8675","SUP03","2023-03-14","2023-04-23","Delivered","23986.50"
"PO-8676","SUP01","2026-04-27","2026-05-28","Cancelled","15641.50"
"PO-8677","SUP01","2026-03-23","2026-04-08","Shipped","39392.55"
"PO-8678","SUP03","2023-01-24","2023-02-28","Cancelled","73761.50"
"PO-8679","SUP02","2022-08-04","2022-09-17","Cancelled","4018.80"
"PO-8680","SUP02","2024-07-31","2024-08-15","Shipped","15140.25"
"PO-8681","SUP04","2023-06-18","2023-07-26","Shipped","62878.90"
"PO-8682","SUP02","2024-12-03","2024-12-18","Delivered","16563.75"
"PO-8683","SUP04","2022-02-15","2022-03-22","Delivered","21700.50"
"PO-8684","SUP01","2024-11-16","2024-12-17","Cancelled","44991.50"
"PO-8685","SUP04","2024-12-27","2025-02-03","Shipped","33804.50"
"PO-8686","SUP03","2025-04-17","2025-05-30","Shipped","675.00"
"PO-8687","SUP01","2023-10-30","2023-11-18","Cancelled","13999.50"
"PO-8688","SUP01","2022-07-26","2022-09-03","Ordered","22796.70"
"PO-8689","SUP03","2023-11-23","2024-01-03","Delivered","49281.70"
"PO-8690","SUP01","2025-12-06","2026-01-11","Delivered","32138.20"
"PO-8691","SUP04","2026-01-13","2026-02-06","Cancelled","1570.00"
"PO-8692","SUP01","2024-01-19","2024-02-03","Cancelled","7096.25"
"PO-8693","SUP02","2022-01-30","2022-02-23","Cancelled","22157.75"
"PO-8694","SUP04","2022-01-14","2022-01-28","Cancelled","47795.50"
"PO-8695","SUP03","2024-04-25","2024-05-18","Ordered","45036.00"
"PO-8696","SUP02","2025-10-15","2025-11-20","Cancelled","7500.50"
"PO-8697","SUP02","2026-04-19","2026-05-25","Ordered","47926.00"
"PO-8698","SUP01","2023-02-09","2023-03-20","Cancelled","69220.50"
"PO-8699","SUP01","2023-07-13","2023-08-17","Ordered","8537.40"
"PO-8700","SUP03","2025-02-27","2025-04-12","Cancelled","41613.50"
"PO-8701","SUP04","2023-09-01","2023-09-28","Shipped","67865.60"
"PO-8702","SUP04","2024-09-23","2024-10-14","Shipped","17302.00"
"PO-8703","SUP04","2024-10-05","2024-11-07","Shipped","20623.00"
"PO-8704","SUP04","2024-11-02","2024-11-26","Shipped","75460.90"
"PO-8705","SUP02","2023-06-25","2023-07-16","Shipped","33694.00"
"PO-8706","SUP03","2022-10-06","2022-11-11","Delivered","23042.00"
"PO-8707","SUP02","2025-11-21","2025-12-25","Shipped","53100.75"
"PO-8708","SUP03","2026-01-16","2026-02-09","Ordered","7600.30"
"PO-8709","SUP04","2022-04-09","2022-05-03","Delivered","26915.50"
"PO-8710","SUP04","2022-01-17","2022-02-27","Delivered","16620.75"
"PO-8711","SUP01","2024-02-20","2024-03-26","Cancelled","36941.00"
"PO-8712","SUP03","2025-03-06","2025-04-08","Ordered","37819.85"
"PO-8713","SUP03","2024-01-04","2024-01-28","Cancelled","12862.50"
"PO-8714","SUP01","2022-05-01","2022-06-11","Shipped","18839.50"
"PO-8715","SUP04","2026-01-11","2026-02-18","Shipped","9849.70"
"PO-8716","SUP04","2022-06-26","2022-07-11","Cancelled","35184.00"
"PO-8717","SUP03","2025-03-19","2025-05-01","Cancelled","39630.30"
"PO-8718","SUP04","2024-02-13","2024-03-20","Cancelled","3382.40"
"PO-8719","SUP04","2024-03-27","2024-05-08","Delivered","85130.30"
"PO-8720","SUP02","2025-07-01","2025-08-08","Delivered","40954.60"
"PO-8721","SUP02","2022-07-24","2022-09-06","Cancelled","4814.40"
"PO-8722","SUP02","2022-09-02","2022-09-19","Cancelled","19669.00"
"PO-8723","SUP03","2024-01-25","2024-03-01","Shipped","17735.50"
"PO-8724","SUP04","2022-04-06","2022-04-21","Delivered","46216.35"
"PO-8725","SUP03","2024-07-09","2024-08-08","Ordered","71445.75"
"PO-8726","SUP03","2025-08-27","2025-09-13","Cancelled","34894.00"
"PO-8727","SUP01","2026-01-14","2026-02-26","Delivered","7376.20"
"PO-8728","SUP03","2023-02-18","2023-03-21","Ordered","6318.00"
"PO-8729","SUP03","2023-03-27","2023-04-12","Delivered","834.50"
"PO-8730","SUP02","2026-01-02","2026-01-22","Shipped","7352.40"
"PO-8731","SUP04","2025-06-16","2025-07-10","Ordered","10098.00"
"PO-8732","SUP02","2026-07-15","2026-08-26","Delivered","917.50"
"PO-8733","SUP04","2022-09-27","2022-10-27","Delivered","5521.25"
"PO-8734","SUP03","2022-10-20","2022-11-23","Ordered","1286.50"
"PO-8735","SUP01","2025-05-10","2025-06-05","Ordered","57618.75"
"PO-8736","SUP03","2025-04-23","2025-05-08","Delivered","30012.00"
"PO-8737","SUP01","2026-06-26","2026-07-18","Delivered","404.00"
"PO-8738","SUP02","2022-01-06","2022-02-01","Ordered","64142.50"
"PO-8739","SUP04","2025-06-14","2025-07-19","Cancelled","23054.00"
"PO-8740","SUP02","2026-03-07","2026-04-07","Shipped","23384.50"
"PO-8741","SUP02","2023-02-26","2023-03-28","Shipped","6538.20"
"PO-8742","SUP04","2025-10-18","2025-11-09","Cancelled","20732.35"
"PO-8743","SUP01","2024-08-25","2024-10-09","Cancelled","1240.50"
"PO-8744","SUP04","2023-07-30","2023-09-12","Cancelled","364.50"
"PO-8745","SUP04","2023-01-02","2023-01-25","Shipped","20678.90"
"PO-8746","SUP01","2023-04-14","2023-05-20","Shipped","28486.20"
"PO-8747","SUP01","2024-01-11","2024-02-05","Cancelled","92671.10"
"PO-8748","SUP02","2025-10-14","2025-11-18","Cancelled","34857.90"
"PO-8749","SUP03","2023-07-18","2023-08-22","Delivered","50888.70"
"PO-8750","SUP03","2023-12-01","2023-12-15","Delivered","18526.70"
"PO-8751","SUP01","2024-01-10","2024-01-26","Ordered","20192.50"
"PO-8752","SUP04","2023-03-24","2023-04-14","Delivered","38048.00"
"PO-8753","SUP03","2023-05-04","2023-06-06","Ordered","23469.45"
"PO-8754","SUP03","2024-01-12","2024-02-20","Ordered","56539.00"
"PO-8755","SUP01","2025-04-05","2025-04-20","Ordered","12696.25"
"PO-8756","SUP03","2026-07-26","2026-08-13","Delivered","715.00"
"PO-8757","SUP03","2024-04-09","2024-05-05","Shipped","277.00"
"PO-8758","SUP04","2025-09-03","2025-09-28","Ordered","25388.10"
"PO-8759","SUP03","2023-04-11","2023-05-08","Delivered","13693.75"
"PO-8760","SUP03","2022-12-16","2023-01-18","Delivered","28206.15"
"PO-8761","SUP04","2025-10-20","2025-11-15","Shipped","13509.50"
"PO-8762","SUP02","2026-02-24","2026-04-06","Delivered","31611.00"
"PO-8763","SUP03","2023-11-07","2023-11-27","Delivered","21078.60"
"PO-8764","SUP04","2026-07-17","2026-08-17","Shipped","52603.50"
"PO-8765","SUP02","2025-07-15","2025-08-17","Cancelled","12321.60"
"PO-8766","SUP04","2023-03-26","2023-04-27","Delivered","83870.75"
"PO-8767","SUP01","2026-04-05","2026-05-12","Cancelled","5713.75"
"PO-8768","SUP02","2022-06-13","2022-07-16","Cancelled","407.00"
"PO-8769","SUP03","2024-01-02","2024-02-05","Delivered","46870.25"
"PO-8770","SUP01","2026-06-12","2026-07-02","Cancelled","18068.80"
"PO-8771","SUP04","2023-09-27","2023-11-06","Ordered","27731.80"
"PO-8772","SUP03","2024-10-28","2024-11-26","Cancelled","48810.50"
"PO-8773","SUP02","2025-07-21","2025-08-21","Shipped","13861.80"
"PO-8774","SUP03","2023-04-13","2023-05-25","Delivered","57735.50"
"PO-8775","SUP01","2024-08-16","2024-09-01","Shipped","32576.25"
"PO-8776","SUP04","2026-07-31","2026-08-29","Ordered","65814.25"
"PO-8777","SUP02","2026-01-07","2026-02-09","Shipped","58482.65"
"PO-8778","SUP02","2024-02-20","2024-03-20","Delivered","5987.40"
"PO-8779","SUP04","2023-05-24","2023-06-18","Shipped","24625.50"
"PO-8780","SUP04","2022-02-28","2022-04-04","Delivered","390.50"
"PO-8781","SUP02","2023-12-24","2024-02-06","Shipped","937.50"
"PO-8782","SUP04","2022-12-30","2023-01-26","Shipped","45995.00"
"PO-8783","SUP04","2022-09-22","2022-10-12","Cancelled","12344.50"
"PO-8784","SUP03","2024-05-13","2024-06-01","Shipped","10815.55"
"PO-8785","SUP02","2024-08-13","2024-09-07","Ordered","8032.50"
"PO-8786","SUP03","2022-02-08","2022-03-07","Shipped","1275.50"
"PO-8787","SUP01","2026-08-10","2026-09-15","Cancelled","20729.10"
"PO-8788","SUP01","2026-02-27","2026-04-07","Delivered","38282.20"
"PO-8789","SUP03","2025-03-17","2025-04-10","Cancelled","9093.30"
"PO-8790","SUP04","2024-12-07","2025-01-13","Cancelled","10925.50"
"PO-8791","SUP04","2026-06-02","2026-06-28","Shipped","31838.35"
"PO-8792","SUP04","2024-07-17","2024-08-21","Cancelled","56908.00"
"PO-8793","SUP04","2022-10-20","2022-11-26","Cancelled","27220.25"
"PO-8794","SUP01","2025-10-02","2025-11-12","Shipped","15622.10"
"PO-8795","SUP02","2024-12-29","2025-01-25","Ordered","16458.10"
"PO-8796","SUP01","2024-06-18","2024-07-30","Cancelled","40966.50"
"PO-8797","SUP03","2026-04-20","2026-05-26","Ordered","8067.50"
"PO-8798","SUP04","2022-03-05","2022-04-01","Cancelled","356.00"
"PO-8799","SUP04","2023-01-12","2023-01-29","Shipped","57508.00"
"PO-8800","SUP03","2022-04-04","2022-05-19","Ordered","31559.50"
"PO-8801","SUP01","2022-04-05","2022-05-18","Shipped","16629.50"
"PO-8802","SUP04","2025-12-02","2025-12-26","Shipped","34994.00"
"PO-8803","SUP03","2022-02-25","2022-03-12","Delivered","8538.60"
"PO-8804","SUP03","2022-08-23","2022-10-04","Shipped","24190.00"
"PO-8805","SUP01","2025-06-29","2025-07-24","Shipped","6303.60"
"PO-8806","SUP04","2026-03-24","2026-04-08","Cancelled","39183.70"
"PO-8807","SUP01","2022-09-05","2022-10-14","Shipped","57809.90"
"PO-8808","SUP03","2026-03-21","2026-04-06","Cancelled","4166.70"
"PO-8809","SUP02","2023-01-22","2023-03-04","Ordered","19521.25"
"PO-8810","SUP02","2024-11-11","2024-12-11","Delivered","28843.50"
"PO-8811","SUP03","2022-03-09","2022-03-26","Cancelled","5587.90"
"PO-8812","SUP03","2023-06-24","2023-07-25","Cancelled","12229.80"
"PO-8813","SUP03","2025-03-25","2025-04-13","Delivered","8067.50"
"PO-8814","SUP02","2023-09-03","2023-09-28","Ordered","11402.75"
"PO-8815","SUP04","2026-05-26","2026-06-27","Cancelled","40897.50"
"PO-8816","SUP03","2023-01-10","2023-02-05","Shipped","30586.75"
"PO-8817","SUP03","2023-04-05","2023-04-30","Cancelled","42648.50"
"PO-8818","SUP01","2023-06-12","2023-07-09","Delivered","25808.40"
"PO-8819","SUP02","2023-01-12","2023-02-06","Ordered","82244.75"
"PO-8820","SUP02","2023-05-06","2023-06-10","Ordered","4278.90"
"PO-8821","SUP02","2023-01-24","2023-02-22","Ordered","39319.00"
"PO-8822","SUP03","2022-10-06","2022-11-07","Shipped","20585.80"
"PO-8823","SUP03","2025-10-11","2025-11-18","Shipped","72202.80"
"PO-8824","SUP01","2025-01-14","2025-02-16","Ordered","35333.05"
"PO-8825","SUP02","2023-08-12","2023-08-31","Shipped","28217.20"
"PO-8826","SUP01","2023-12-08","2024-01-19","Shipped","9924.60"
"PO-8827","SUP04","2024-09-18","2024-10-27","Cancelled","31913.60"
"PO-8828","SUP04","2025-07-22","2025-08-16","Cancelled","14148.65"
"PO-8829","SUP03","2024-01-30","2024-02-28","Ordered","5421.90"
"PO-8830","SUP02","2024-09-09","2024-09-24","Ordered","42223.75"
"PO-8831","SUP04","2024-05-27","2024-07-04","Ordered","976.00"
"PO-8832","SUP02","2026-08-02","2026-09-15","Ordered","48734.75"
"PO-8833","SUP03","2022-05-21","2022-07-01","Cancelled","40549.00"
"PO-8834","SUP01","2024-01-18","2024-02-20","Delivered","58409.00"
"PO-8835","SUP04","2022-06-22","2022-07-23","Ordered","6597.50"
"PO-8836","SUP01","2024-01-17","2024-02-08","Ordered","1247.50"
"PO-8837","SUP04","2022-08-13","2022-09-17","Shipped","43499.75"
"PO-8838","SUP03","2026-06-18","2026-08-02","Delivered","39761.90"
"PO-8839","SUP02","2025-12-13","2026-01-16","Delivered","41763.90"
"PO-8840","SUP02","2023-03-05","2023-04-10","Ordered","24477.00"
"PO-8841","SUP02","2026-02-05","2026-03-10","Ordered","28971.25"
"PO-8842","SUP03","2024-08-12","2024-08-27","Cancelled","65415.50"
"PO-8843","SUP03","2024-01-23","2024-02-15","Delivered","9015.80"
"PO-8844","SUP02","2023-03-23","2023-04-18","Delivered","79342.20"
"PO-8845","SUP03","2026-04-23","2026-05-29","Delivered","15020.50"
"PO-8846","SUP03","2025-05-29","2025-06-15","Cancelled","74057.00"
"PO-8847","SUP02","2026-06-23","2026-07-18","Cancelled","13965.00"
"PO-8848","SUP04","2022-03-28","2022-05-09","Cancelled","17641.40"
"PO-8849","SUP03","2025-09-06","2025-10-06","Shipped","66276.00"
"PO-8850","SUP02","2026-04-09","2026-05-09","Ordered","65056.00"
"PO-8851","SUP03","2022-05-21","2022-06-27","Cancelled","10588.70"
"PO-8852","SUP02","2023-05-20","2023-06-25","Delivered","6767.70"
"PO-8853","SUP02","2024-07-16","2024-08-29","Ordered","5773.60"
"PO-8854","SUP03","2025-04-05","2025-05-18","Delivered","2570.40"
"PO-8855","SUP01","2025-10-19","2025-11-17","Ordered","19845.00"
"PO-8856","SUP01","2026-03-27","2026-05-07","Cancelled","22916.25"
"PO-8857","SUP02","2022-09-12","2022-10-27","Delivered","16931.25"
"PO-8858","SUP03","2023-03-23","2023-04-16","Shipped","14918.75"
"PO-8859","SUP01","2022-05-06","2022-05-22","Shipped","63722.20"
"PO-8860","SUP04","2024-09-22","2024-11-01","Cancelled","9275.00"
"PO-8861","SUP03","2025-08-16","2025-09-24","Delivered","27116.70"
"PO-8862","SUP04","2026-04-05","2026-05-16","Cancelled","16112.50"
"PO-8863","SUP04","2022-01-29","2022-02-14","Ordered","19517.70"
"PO-8864","SUP02","2022-07-24","2022-08-27","Ordered","74114.00"
"PO-8865","SUP01","2023-01-21","2023-02-17","Delivered","75308.25"
"PO-8866","SUP03","2023-03-27","2023-04-29","Shipped","11935.00"
"PO-8867","SUP02","2023-08-09","2023-09-13","Shipped","16196.25"
"PO-8868","SUP03","2025-03-07","2025-03-31","Shipped","345.50"
"PO-8869","SUP04","2024-06-05","2024-07-12","Cancelled","39109.25"
"PO-8870","SUP01","2026-06-28","2026-07-26","Cancelled","535.50"
"PO-8871","SUP04","2023-03-12","2023-04-17","Cancelled","350.50"
"PO-8872","SUP01","2026-07-12","2026-08-05","Ordered","17438.75"
"PO-8873","SUP01","2026-08-13","2026-09-11","Shipped","14434.35"
"PO-8874","SUP01","2025-05-15","2025-06-24","Ordered","29928.50"
"PO-8875","SUP02","2025-10-14","2025-11-05","Ordered","31980.00"
"PO-8876","SUP03","2022-01-09","2022-01-27","Cancelled","56210.25"
"PO-8877","SUP01","2026-07-12","2026-07-30","Ordered","22042.00"
"PO-8878","SUP03","2025-09-17","2025-10-25","Ordered","59523.65"
"PO-8879","SUP04","2026-04-14","2026-05-03","Shipped","26226.75"
"PO-8880","SUP02","2026-07-20","2026-08-24","Delivered","40849.40"
"PO-8881","SUP03","2024-06-15","2024-07-16","Shipped","42764.65"
"PO-8882","SUP03","2026-07-17","2026-08-19","Cancelled","6736.00"
"PO-8883","SUP04","2022-03-25","2022-05-08","Cancelled","16205.00"
"PO-8884","SUP04","2022-10-09","2022-11-09","Delivered","51541.75"
"PO-8885","SUP03","2023-08-29","2023-09-20","Delivered","764.00"
"PO-8886","SUP03","2025-06-27","2025-08-01","Shipped","25286.25"
"PO-8887","SUP04","2024-04-10","2024-05-24","Ordered","39843.40"
"PO-8888","SUP02","2025-02-01","2025-03-07","Ordered","22755.00"
"PO-8889","SUP03","2026-04-25","2026-05-27","Ordered","456.00"
"PO-8890","SUP01","2024-11-13","2024-12-06","Delivered","57379.00"
"PO-8891","SUP01","2023-08-10","2023-09-19","Delivered","76629.00"
"PO-8892","SUP03","2022-09-22","2022-10-09","Ordered","25077.50"
"PO-8893","SUP04","2025-12-15","2026-01-24","Shipped","12958.50"
"PO-8894","SUP02","2023-06-02","2023-07-09","Shipped","14352.25"
"PO-8895","SUP04","2023-09-07","2023-09-22","Ordered","19154.85"
"PO-8896","SUP04","2024-06-04","2024-06-23","Ordered","58597.15"
"PO-8897","SUP04","2024-05-25","2024-06-23","Cancelled","960.50"
"PO-8898","SUP02","2023-01-09","2023-01-29","Ordered","67481.75"
"PO-8899","SUP02","2026-09-14","2026-09-29","Delivered","61360.20"
"PO-8900","SUP02","2025-07-02","2025-07-26","Ordered","29321.90"
"PO-8901","SUP04","2022-09-26","2022-10-30","Ordered","44095.50"
"PO-8902","SUP01","2025-10-08","2025-11-22","Cancelled","9528.75"
"PO-8903","SUP01","2022-10-23","2022-11-10","Cancelled","10211.20"
"PO-8904","SUP02","2024-04-21","2024-05-21","Delivered","10138.80"
"PO-8905","SUP02","2022-10-16","2022-11-12","Shipped","6273.75"
"PO-8906","SUP03","2024-12-03","2025-01-16","Shipped","8246.70"
"PO-8907","SUP03","2022-08-05","2022-08-30","Cancelled","44731.00"
"PO-8908","SUP01","2025-02-05","2025-02-26","Delivered","33783.75"
"PO-8909","SUP04","2025-06-16","2025-07-16","Ordered","58459.75"
"PO-8910","SUP02","2025-10-18","2025-11-11","Cancelled","430.50"
"PO-8911","SUP02","2023-12-24","2024-01-07","Cancelled","13872.00"
"PO-8912","SUP03","2022-10-07","2022-11-10","Shipped","54346.25"
"PO-8913","SUP03","2023-06-04","2023-06-30","Delivered","61038.00"
"PO-8914","SUP02","2026-08-13","2026-08-29","Delivered","37207.50"
"PO-8915","SUP01","2023-03-13","2023-04-13","Cancelled","23335.30"
"PO-8916","SUP01","2022-09-11","2022-10-20","Cancelled","24932.50"
"PO-8917","SUP03","2025-04-21","2025-05-23","Shipped","15879.25"
"PO-8918","SUP02","2026-04-10","2026-05-21","Cancelled","711.00"
"PO-8919","SUP01","2026-04-07","2026-05-02","Cancelled","29191.00"
"PO-8920","SUP02","2023-02-02","2023-03-05","Shipped","54505.75"
"PO-8921","SUP03","2026-04-12","2026-05-05","Cancelled","46986.75"
"PO-8922","SUP03","2022-07-20","2022-08-27","Cancelled","5932.50"
"PO-8923","SUP03","2024-04-13","2024-05-20","Ordered","10482.50"
"PO-8924","SUP04","2023-04-22","2023-05-29","Delivered","12398.75"
"PO-8925","SUP02","2023-03-09","2023-04-12","Shipped","42681.00"
"PO-8926","SUP01","2025-10-16","2025-11-30","Delivered","19360.15"
"PO-8927","SUP02","2024-09-07","2024-10-16","Cancelled","26614.75"
"PO-8928","SUP04","2025-10-17","2025-11-14","Delivered","36005.00"
"PO-8929","SUP02","2026-07-10","2026-07-26","Delivered","15900.75"
"PO-8930","SUP04","2024-03-08","2024-03-24","Delivered","24764.00"
"PO-8931","SUP04","2022-10-09","2022-11-02","Shipped","61437.20"
"PO-8932","SUP02","2023-08-24","2023-09-22","Ordered","7795.60"
"PO-8933","SUP02","2023-09-04","2023-10-19","Shipped","22140.00"
"PO-8934","SUP01","2026-05-02","2026-06-02","Cancelled","10036.25"
"PO-8935","SUP02","2023-10-12","2023-11-19","Delivered","8318.10"
"PO-8936","SUP04","2023-06-06","2023-06-21","Shipped","23862.00"
"PO-8937","SUP04","2024-07-22","2024-08-26","Cancelled","42439.50"
"PO-8938","SUP04","2025-05-04","2025-06-01","Ordered","47980.25"
"PO-8939","SUP02","2022-12-23","2023-01-20","Ordered","72373.20"
"PO-8940","SUP04","2024-02-28","2024-03-16","Shipped","69984.75"
"PO-8941","SUP01","2023-07-30","2023-08-27","Ordered","10381.20"
"PO-8942","SUP03","2026-01-30","2026-03-03","Delivered","28626.30"
"PO-8943","SUP02","2022-09-23","2022-11-05","Ordered","12658.50"
"PO-8944","SUP03","2023-05-14","2023-06-04","Delivered","18319.20"
"PO-8945","SUP03","2024-09-07","2024-10-10","Delivered","20971.50"
"PO-8946","SUP04","2025-09-08","2025-10-14","Shipped","2253.50"
"PO-8947","SUP02","2025-01-30","2025-02-26","Delivered","629.00"
"PO-8948","SUP02","2022-06-19","2022-07-08","Ordered","31859.50"
"PO-8949","SUP01","2024-01-01","2024-02-04","Delivered","22201.50"
"PO-8950","SUP04","2026-07-20","2026-08-12","Delivered","9607.50"
"PO-8951","SUP03","2023-06-25","2023-08-08","Shipped","14314.50"
"PO-8952","SUP02","2026-02-25","2026-04-02","Ordered","7236.90"
"PO-8953","SUP02","2024-10-20","2024-11-28","Delivered","61599.00"
"PO-8954","SUP01","2023-01-20","2023-03-04","Ordered","12568.00"
"PO-8955","SUP02","2023-10-04","2023-11-05","Shipped","39428.25"
"PO-8956","SUP04","2024-04-30","2024-06-11","Ordered","16283.75"
"PO-8957","SUP01","2023-11-27","2024-01-10","Ordered","4115.70"
"PO-8958","SUP04","2025-02-25","2025-03-29","Delivered","33180.00"
"PO-8959","SUP02","2023-12-14","2024-01-04","Shipped","14795.00"
"PO-8960","SUP03","2024-05-25","2024-07-06","Cancelled","32244.90"
"PO-8961","SUP03","2022-04-15","2022-05-30","Delivered","17809.10"
"PO-8962","SUP04","2026-09-24","2026-10-12","Shipped","2856.00"
"PO-8963","SUP04","2022-12-10","2022-12-27","Shipped","28761.50"
"PO-8964","SUP02","2026-09-18","2026-10-03","Shipped","26383.50"
"PO-8965","SUP01","2026-03-05","2026-04-04","Ordered","9380.00"
"PO-8966","SUP01","2026-06-28","2026-08-11","Shipped","3876.00"
"PO-8967","SUP02","2026-08-08","2026-09-21","Cancelled","60833.50"
"PO-8968","SUP01","2023-11-22","2024-01-03","Cancelled","12538.75"
"PO-8969","SUP03","2022-04-28","2022-06-05","Shipped","44399.10"
"PO-8970","SUP03","2025-08-12","2025-09-22","Cancelled","17167.50"
"PO-8971","SUP01","2023-02-14","2023-03-21","Delivered","9268.60"
"PO-8972","SUP03","2023-08-09","2023-08-28","Shipped","19606.60"
"PO-8973","SUP04","2022-02-18","2022-03-30","Delivered","800.00"
"PO-8974","SUP01","2024-12-22","2025-01-11","Ordered","5535.80"
"PO-8975","SUP03","2022-05-08","2022-05-23","Delivered","33769.50"
"PO-8976","SUP03","2025-05-08","2025-06-11","Delivered","25940.00"
"PO-8977","SUP02","2025-08-16","2025-09-17","Cancelled","3535.70"
"PO-8978","SUP02","2023-02-06","2023-02-20","Delivered","5451.90"
"PO-8979","SUP02","2023-04-23","2023-05-17","Shipped","4495.50"
"PO-8980","SUP04","2025-01-03","2025-01-20","Shipped","17914.30"
"PO-8981","SUP03","2024-08-04","2024-09-16","Delivered","18016.40"
"PO-8982","SUP04","2025-11-06","2025-12-13","Delivered","15826.70"
"PO-8983","SUP02","2023-05-23","2023-06-23","Ordered","17264.75"
"PO-8984","SUP01","2022-08-11","2022-08-29","Cancelled","15123.15"
"PO-8985","SUP04","2023-11-09","2023-12-24","Cancelled","3388.20"
"PO-8986","SUP01","2025-12-20","2026-01-22","Shipped","42300.40"
"PO-8987","SUP03","2024-11-13","2024-12-27","Shipped","52258.00"
"PO-8988","SUP02","2026-08-16","2026-09-16","Cancelled","11755.50"
"PO-8989","SUP03","2023-07-08","2023-08-19","Ordered","51145.75"
"PO-8990","SUP03","2023-03-11","2023-04-25","Cancelled","21955.50"
"PO-8991","SUP04","2024-10-16","2024-11-19","Delivered","17610.30"
"PO-8992","SUP02","2026-07-29","2026-08-30","Ordered","48862.50"
"PO-8993","SUP03","2022-10-31","2022-12-07","Cancelled","51148.25"
"PO-8994","SUP04","2023-04-10","2023-04-25","Ordered","19640.10"
"PO-8995","SUP03","2024-05-29","2024-07-02","Ordered","16361.30"
"PO-8996","SUP04","2025-03-24","2025-04-17","Cancelled","751.00"
"PO-8997","SUP03","2023-08-09","2023-08-29","Delivered","7656.25"
"PO-8998","SUP01","2022-02-09","2022-03-12","Shipped","17805.15"
"PO-8999","SUP03","2025-03-03","2025-04-04","Cancelled","7890.75"
"PO-9000","SUP01","2022-11-09","2022-12-23","Cancelled","8955.60"